---
title: "MySQL"
date: 2024-04-20

---


## 数据库

```sql
CREATE DATABASE db_name;	# 创建数据库
DROP DATABASE db_name;	# 删除数据库
SHOW DATABASES;	# 查看数据库
USE db_name;	# 进入数据库
```

## 数据表

```sql
# 增
CREATE TABLE <db_table_name> ();	# 创建数据表

# 删
DROP TABLE <db_table_name>;	# 删除数据表

# 改
	# 插入表数据
	# 修改表数据


# 查
DESC <db_table_name>;	# 查看数据表结构
SELECT * FROM <db_table_name>;	# 查询所有数据
SELECT user FROM user WHERE name = 'hello' # 根据字段查询数据

```

### 表结构

新建表结构：`CREATE TABLE <table> (<字段>,<字段>);`

```sql
CREATE TABLE `stock_index_1min` (
    id int(10) AUTO_INCREMENT PRIMARY KEY NOT NULL,
    ticker varchar(20) NOT NULL COMMENT '股票代码',
    stock_name varchar(255) NOT NULL COMMENT '股票名',
    day date DEFAULT NULL,
    datatime datetime DEFAULT NULL,
    openprice double(11,2) DEFAULT NULL COMMENT '开盘价',
    closeprice double(11,2) DEFAULT NULL COMMENT '收盘价',
    highestprice double(11,2) DEFAULT NULL COMMENT '最高价',
    lowestprice double(11,2) DEFAULT NULL COMMENT '最低价',
    volume bigint(20) DEFAULT NULL,
    value decimal(20,4) DEFAULT NULL,
    zf double(10,2) DEFAULT NULL,
    createtime datetime DEFAULT CURRENT_TIMESTAMP COMMENT '创建时间'
) CHARSET=utf8;
```

修改表结构：`ALTER <table> MODIFY <字段>`

```sql
ALTER TABLE cpu_temperature MODIFY date date not null;
ALTER TABLE cpu_temperature MODIFY date DATETIME NOT NULL;
```

新增表字段：`ALTER TABLE <table> ADD <字段> <字段类型>;`

```sql
ALTER TABLE cpu_temperature ADD `cpu_top_soft` INT(11) NOT NULL;
```

删除表字段：`ALTER TABLE <table> DROP COLUMN <字段>`

```sql
ALTER TABLE cpu_temperature DROP COLUMN `hello`;
```

### 表数据

## 数据修改

插入表数据：`INSERT INTO <table> (<字段>,<字段>) VALUES (<数据>,<数据>);`

```sql
INSERT INTO cpu_temperature (date,temperature) VALUES('2022-09-01','01');
```

修改表数据：`UPDATE <table> SET 字段 1=值 1 [,字段 2=值 2… ] [WHERE 子句 ]`

```sql
[ORDER BY 子句] [LIMIT 子句]
update sys_user SET status=0 where id=1;
```

删除表数据：``

```sql
# 语法：
DELETE FROM table_name WHERE condition;

# 删除表中的一行
DELETE FROM TABLE_NAME WHERE id = 1;

# 删除表中的多行
DELETE FROM TABLE_NAME WHERE id in (10,11,12,13);
```

## 用户管理

```sql
CREATE USER 'db_user'@'db_client' IDENTIFIED BY 'password';	# 新增用户
SET PASSWORD FOR 'dbadmin'@'localhost' = PASSWORD('newpasswd2');	# 修改用户密码
SET PASSWORD FOR 'dbadmin'@'localhost' = 'newpasswd2';	# 修改用户密码
ALTER USER 'dbadmin'@'localhost' IDENTIFIED BY 'newpasswd3';	# 修改用户密码
DROP USER 'db_user';	# 删除用户
DROP USER 'db_user'@'db_client';	# 删除用户
```

## 权限控制

```shell
mysql> show grants for 'root';	# 查看用户全部权限
+-------------------------------------------+
| Grants for root@%                         |
+-------------------------------------------+
| GRANT ALL PRIVILEGES ON *.* TO 'root'@'%' |
+-------------------------------------------+
1 row in set (0.00 sec)
```

2. 新增权限

```sql
# test.* ：表示 test库里 所有的表
# 'root'@'%' ：表示用户名为：root，@后表示允许访问数据的客户端，%表示所有主机
grant all privileges on test.* to 'root'@'localhost';
grant all privileges on test.* to 'root'@'%' IDENTIFIED BY 'hello';

# 赋予'root'@'%' 用户 对 test.test1 有读的权限，没有写入等其它权限。
GRANT SELECT ON test.test1 TO 'root'@'%';
```

3. 删除权限

```sql
revoke insert on *.* from 'temperature'@'%'
```

## 查询语句

查询表数据

```sql
select * from table;

# 查询Score表中成绩在60到80之间的所有记录
select * from score where degree between 60 and 80;

# 查询Score表中成绩为85，86或88的记录
select * from score where degree=85 or degree=86 or degree=88;

# 查询Student表中“95031”班或性别为“女”的同学记录
select * from student where class='95031' and ssex='女';
```
根据字段搜索数据表

```sql
select table_name from information_schema.columns where TABLE_SCHEMA='DBName' and COLUMN_NAME='columnName';
# DBName：数据库
# columnName：字段
```



## 数据导出

```shell
# 导出全部数据库
mysqldump  -uroot -p --all-databases > backup.sql

# 导出某个数据库
mysqldump -uroot -p --all-database db1 > db1.sql
```

## 其它

跳过密码登录，常用于忘记数据库密码
```shell
mysqld_safe --skip-grant-tables &
mysql -uroot
```

查询数据库密码过期时间

```sql
show variables like '%lifetime%';
```

```ini
[mysqld]
default_password_lifetime=90	#密码90天过期
或者
[mysqld]
defalut_password_lifetime=0		#密码永不过期
```


```sql
select Host,User,password_expired,password_last_changed,password_lifetime,account_locked from  mysql.user;
```
清除缓存池

```sql
reset query cache
```

修改密码安全策略

在创建用户/修改用户密码时出现报错：` Your password does not satisfy the current policy requirements`

此时应检查密码的安全性，或者修改密码安全策略。

```sql
mysql> SHOW VARIABLES LIKE 'validate_password%';
+--------------------------------------+--------+
| Variable_name                        | Value  |
+--------------------------------------+--------+
| validate_password.check_user_name    | ON     |
| validate_password.dictionary_file    |        |
| validate_password.length             | 8      |
| validate_password.mixed_case_count   | 1      |
| validate_password.number_count       | 1      |
| validate_password.policy             | MEDIUM |
| validate_password.special_char_count | 1      |
+--------------------------------------+--------+
7 rows in set (0.05 sec)
```
设置 `validate_password_policy` 的全局参数为 LOW 即可

```sql
mysql> set global validate_password.policy=LOW;
Query OK, 0 rows affected (0.00 sec)

mysql> SHOW VARIABLES LIKE 'validate_password%';
+--------------------------------------+-------+
| Variable_name                        | Value |
+--------------------------------------+-------+
| validate_password.check_user_name    | ON    |
| validate_password.dictionary_file    |       |
| validate_password.length             | 8     |
| validate_password.mixed_case_count   | 1     |
| validate_password.number_count       | 1     |
| validate_password.policy             | LOW   |
| validate_password.special_char_count | 1     |
+--------------------------------------+-------+
7 rows in set (0.01 sec)
```



# 参考文档

>  字段修改：https://blog.csdn.net/AlbenXie/article/details/123070011
> 菜鸟教程：https://www.runoob.com/mysql/mysql-data-types.html